Workbook

Sheet Chamber_A
A1: Timestamp | B1: Temp_C | C1: Humidity (%) | D1: Note
A2: 45992 | B2: 5.12 | C2: 52.662631 | D2: sensor_check
A3: 45992.007 | B3: 4.85 | C3: 54.172094
A4: 45992.014 | B4: 5.82 | C4: 52.984181
A5: 45992.021 | B5: 6.16 | C5: 56.2205
A6: 45992.028 | B6: 5.25 | C6: 66.771936
A7: 45992.035 | B7: 5.75 | C7: 34.466732
A8: 45992.042 | B8: 6.56 | C8: 53.105198
A9: 45992.049 | B9: 6.6 | C9: 56.412099
A10: 45992.056 | B10: 6.93 | C10: 57.367952
A11: 45992.062 | B11: 6.79 | C11: 52.024683
A12: 45992.069 | B12: 7.66 | C12: 40.946226
A13: 45992.076 | B13: 7.77 | C13: 57.623964
A14: 45992.083 | B14: 7.63 | C14: 68.818802
... A18: 45992.111 | B18: 8.1 | C18: 54.509405
A19: 45992.118 | B19: 7.61 | C19: 46.576812 | D19: sensor_check
A20: 45992.125 | B20: 8.35 | C20: 52.324351
A21: 45992.132 | B21: 7.97 | C21: 65.400357
A22: 45992.139 | B22: 7.88 | C22: 59.661242
A23: 45992.146 | B23: 7.62 | C23: 68.858493
A24: 45992.153 | B24: 8.3 | C24: 64.419295
A25: 45992.16 | B25: 7.65 | C25: 58.512693
A26: 45992.167 | B26: 7.42 | C26: 68.951476
A27: 45992.174 | B27: 7.3 | C27: 58.511945
A28: 45992.181 | B28: 7.5 | C28: 61.623905
A29: 45992.188 | B29: 7.25 | C29: 52.627432
A30: 45992.194 | B30: 7.07 | C30: 55.532367
A31: 45992.201 | B31: 6.87 | C31: 49.420609
... A35: 45992.229 | B35: 5.42 | C35: 53.474792
A36: 45992.236 | B36: 5.74 | C36: 64.369977 | D36: sensor_check
A37: 45992.243 | B37: 5.68 | C37: 61.006952
A38: 45992.25 | B38: 4.92 | C38: 69.565169
A39: 45992.257 | B39: 4.37 | C39: 60.846198
A40: 45992.264 | B40: 4.12 | C40: 42.423678
A41: 45992.271 | B41: 4.45 | C41: 54.464375
A42: 45992.278 | B42: 4.24 | C42: 45.623942
A43: 45992.285 | B43: 3.92 | C43: 50.853761
A44: 45992.292 | B44: 3.2 | C44: 67.089827
A45: 45992.299 | B45: 3.34 | C45: 60.10027
A46: 45992.306 | B46: 3.09 | C46: 49.408557
A47: 45992.312 | B47: 2.94 | C47: 46.890261
A48: 45992.319 | B48: 3.02 | C48: 55.262257
... A52: 45992.347 | B52: 2.28 | C52: 64.242496
A53: 45992.354 | B53: 2.34 | C53: 59.870092 | D53: sensor_check
A54: 45992.361 | B54: 1.45 | C54: 36.669684
A55: 45992.368 | B55: 1.88 | C55: 57.434934
A56: 45992.375 | B56: 1.81 | C56: 55.576269
A57: 45992.382 | B57: 1.76 | C57: 58.311122
A58: 45992.389 | B58: 1.94 | C58: 67.929677
A59: 45992.396 | B59: 2.71 | C59: 38.494094
A60: 45992.403 | B60: 1.85 | C60: 50.271173
A61: 45992.41 | B61: 2.69 | C61: 59.727251
A62: 45992.417 | B62: 1.76 | C62: 42.347245
A63: 45992.424 | B63: 2.44 | C63: 66.807592
A64: 45992.431 | B64: 2.8 | C64: 57.946853
A65: 45992.438 | B65: 3.15 | C65: 61.772672
... A69: 45992.465 | B69: 3.6 | C69: 56.863024
A70: 45992.472 | B70: 4.38 | C70: 56.875207 | D70: sensor_check
A71: 45992.479 | B71: 4.21 | C71: 57.162746
A72: 45992.486 | B72: 4.03 | C72: 48.093238
A73: 45992.493 | B73: 4.35 | C73: 53.819771
A74: 45992.5 | B74: 4.7 | C74: 53.77982
A75: 45992.507 | B75: 5.53 | C75: 58.067151
A76: 45992.514 | B76: 5.64 | C76: 62.998594
A77: 45992.521 | B77: 6.12 | C77: 46.531711
A78: 45992.528 | B78: 5.92 | C78: 53.999928
A79: 45992.535 | B79: 6.39 | C79: 66.851644
A80: 45992.542 | B80: 6.81 | C80: 49.051294
A81: 45992.549 | B81: 6.66 | C81: 48.422
A82: 45992.556 | B82: 7.17 | C82: 56.61845
... A86: 45992.583 | B86: 7.16 | C86: 61.854352
A87: 45992.59 | B87: 7.95 | C87: 61.734561 | D87: sensor_check
A88: 45992.597 | B88: 7.66 | C88: 59.432932
A89: 45992.604 | B89: 7.92 | C89: 73.621225
A90: 45992.611 | B90: 8.16 | C90: 53.358706
A91: 45992.618 | B91: 8.17 | C91: 38.971822
A92: 45992.625 | B92: 8.27 | C92: 67.834035
A93: 45992.632 | B93: 7.94 | C93: 51.338405
A94: 45992.639 | B94: 7.77 | C94: 55.863044
A95: 45992.646 | B95: 7.84 | C95: 65.476405
A96: 45992.653 | B96: 7.11 | C96: 42.181924
A97: 45992.66 | B97: 7.1 | C97: 44.986822
A98: 45992.667 | B98: 7.02 | C98: 42.189777
A99: 45992.674 | B99: 7.01 | C99: 48.64691
... A103: 45992.701 | B103: 7.16 | C103: 43.697873
A104: 45992.708 | B104: 6.28 | C104: 36.519173 | D104: sensor_check
A105: 45992.715 | B105: 6.48 | C105: 55.434829
A106: 45992.722 | B106: 5.56 | C106: 51.225792
A107: 45992.729 | B107: 5.6 | C107: 58.675086
A108: 45992.736 | B108: 5.05 | C108: 60.615629
A109: 45992.743 | B109: 5.03 | C109: 56.105931
A110: 45992.75 | B110: 5.24 | C110: 61.081065
A111: 45992.757 | B111: 3.95 | C111: 56.833691
A112: 45992.764 | B112: 4.55 | C112: 59.240518
A113: 45992.771 | B113: 4.22 | C113: 49.362614
A114: 45992.778 | B114: 3.64 | C114: 53.563109
A115: 45992.785 | B115: 3.06 | C115: 56.574209
A116: 45992.792 | B116: 3.44 | C116: 61.564228
... A120: 45992.819 | B120: 3.27 | C120: 54.059663
A121: 45992.826 | B121: 2.39 | C121: 61.636152 | D121: sensor_check
...

Sheet Chamber_B_missing
A1: Timestamp | B1: Temperature (°C) | C1: Humidity (%) | D1: Note
A2: 45992 | B2: 25.8 | C2: 54.230569 | D2: sensor_check
A3: 45992.007 | B3: 25.75 | C3: 64.024151
A4: 45992.014 | B4: 24.85 | C4: 36.754097
A5: 45992.021 | B5: 25.22 | C5: 43.02689
A6: 45992.028 | B6: 23.55 | C6: 47.616908
A7: 45992.035 | B7: 24.31 | C7: 66.689431
A8: 45992.042 | B8: 24.82 | C8: 57.260696
A9: 45992.049 | B9: 24.36 | C9: 61.138538
A10: 45992.056 | B10: 25.43 | C10: 45.878713
A11: 45992.062 | B11: 26.2 | C11: 46.043713
A12: 45992.069 | C12: 58.58251
A13: 45992.076 | C13: 55.466195
A14: 45992.083 | B14: 25.14 | C14: 59.389911
A15: 45992.09 | B15: 25.97 | C15: 53.498632
A16: 45992.097 | B16: 24.27 | C16: 57.22515
A17: 45992.104 | B17: 25.15 | C17: 56.264953
A18: 45992.111 | B18: 26.09 | C18: 61.222139
A19: 45992.118 | B19: 24.01 | C19: 61.456066 | D19: sensor_check
A20: 45992.125 | B20: 24.23 | C20: 42.041024
A21: 45992.132 | B21: 24.75 | C21: 37.021852
A22: 45992.139 | B22: 24.69 | C22: 63.013963
A23: 45992.146 | B23: 25.49 | C23: 64.501801
A24: 45992.153 | B24: 25.14 | C24: 46.835016
A25: 45992.16 | B25: 23.94 | C25: 40.121317
A26: 45992.167 | B26: 25.31 | C26: 55.792279
A27: 45992.174 | B27: 24.65 | C27: 62.446706
A28: 45992.181 | B28: 25.76 | C28: 69.380756
A29: 45992.188 | B29: 24.62 | C29: 59.130381
A30: 45992.194 | B30: 24.62 | C30: 52.026266
A31: 45992.201 | B31: 25.32 | C31: 47.854955
... A35: 45992.229 | B35: 25.32 | C35: 71.390045
A36: 45992.236 | B36: 24.38 | C36: 69.281347 | D36: sensor_check
A37: 45992.243 | B37: 25.14 | C37: 64.088389
A38: 45992.25 | B38: 24.15 | C38: 47.633197
A39: 45992.257 | B39: 25.27 | C39: 61.840155
A40: 45992.264 | B40: 24.52 | C40: 60.117011
A41: 45992.271 | B41: 24.23 | C41: 58.540365
A42: 45992.278 | B42: 25.43 | C42: 64.997322
A43: 45992.285 | B43: 25.14 | C43: 60.082969
A44: 45992.292 | B44: 24.63 | C44: 60.920114
A45: 45992.299 | B45: 25.87 | C45: 60.09525
A46: 45992.306 | B46: 24.74 | C46: 57.726331
A47: 45992.312 | B47: 25.02 | C47: 40.731111
A48: 45992.319 | B48: 25.16 | C48: 55.668969
... A51: 45992.34 | B51: 24.68 | C51: 68.454533
A52: 45992.347 | C52: 68.831963
A53: 45992.354 | B53: 25.82 | C53: 65.873765 | D53: sensor_check
A54: 45992.361 | B54: 24.38 | C54: 57.041707
A55: 45992.368 | B55: 23.55 | C55: 65.805001
A56: 45992.375 | B56: 25.97 | C56: 55.096425
A57: 45992.382 | B57: 26.53 | C57: 56.622378
A58: 45992.389 | B58: 24.76 | C58: 46.252229
A59: 45992.396 | B59: 23.84 | C59: 58.17593
A60: 45992.403 | B60: 24.81 | C60: 55.483087
A61: 45992.41 | B61: 24.83 | C61: 44.578783
A62: 45992.417 | B62: 24.89 | C62: 54.590423
A63: 45992.424 | B63: 24.33 | C63: 54.362163
A64: 45992.431 | B64: 25.35 | C64: 69.380489
A65: 45992.438 | B65: 25.31 | C65: 62.153707
... A69: 45992.465 | B69: 25.1 | C69: 53.376688
A70: 45992.472 | B70: 24.8 | C70: 46.340582 | D70: sensor_check
A71: 45992.479 | B71: 24.91 | C71: 53.791585
A72: 45992.486 | B72: 25.37 | C72: 49.031214
A73: 45992.493 | B73: 23.96 | C73: 44.997476
A74: 45992.5 | B74: 25.1 | C74: 59.089775
A75: 45992.507 | B75: 24.77 | C75: 58.130117
A76: 45992.514 | B76: 26.11 | C76: 40.70634
A77: 45992.521 | B77: 24.9 | C77: 54.018523
A78: 45992.528 | B78: 26 | C78: 62.965611
A79: 45992.535 | B79: 24.34 | C79: 63.47379
A80: 45992.542 | B80: 25.35 | C80: 63.206695
A81: 45992.549 | B81: 25.19 | C81: 55.311306
A82: 45992.556 | B82: 24.48 | C82: 48.239637
... A86: 45992.583 | B86: 23.98 | C86: 65.298649
A87: 45992.59 | B87: 24.99 | C87: 63.799837 | D87: sensor_check
A88: 45992.597 | B88: 24.46 | C88: 53.942171
A89: 45992.604 | B89: 24.79 | C89: 45.046353
A90: 45992.611 | B90: 24.95 | C90: 52.447147
A91: 45992.618 | B91: 23.98 | C91: 56.73785
A92: 45992.625 | C92: 53.383334
A93: 45992.632 | B93: 25.29 | C93: 50.376847
A94: 45992.639 | B94: 24.69 | C94: 57.023079
A95: 45992.646 | B95: 23.46 | C95: 50.968338
A96: 45992.653 | B96: 25.47 | C96: 49.975471
A97: 45992.66 | B97: 25.16 | C97: 57.491623
A98: 45992.667 | B98: 24.57 | C98: 51.784059
A99: 45992.674 | B99: 24.21 | C99: 56.952835
A100: 45992.681 | B100: 25.5 | C100: 57.185632
A101: 45992.688 | B101: 25.21 | C101: 45.884568
A102: 45992.694 | B102: 26.43 | C102: 51.150071
A103: 45992.701 | B103: 25.25 | C103: 66.502216
A104: 45992.708 | B104: 25.23 | C104: 45.703364 | D104: sensor_check
A105: 45992.715 | B105: 24.9 | C105: 38.066764
A106: 45992.722 | B106: 25.49 | C106: 40.105239
A107: 45992.729 | B107: 25.38 | C107: 55.23288
A108: 45992.736 | B108: 25.75 | C108: 55.247338
A109: 45992.743 | B109: 24.69 | C109: 54.059113
A110: 45992.75 | B110: 24.74 | C110: 64.713519
A111: 45992.757 | B111: 24.71 | C111: 33.617325
...

Sheet Chamber_C_mixed
A1: Timestamp | B1: temp reading | C1: Humidity (%) | D1: Note
A2: 45992 | B2: 7.65 | C2: 53.670737 | D2: sensor_check
A3: 45992.007 | B3: 8.42 | C3: 70.057399
A4: 45992.014 | B4: 7.33 | C4: 53.642242
A5: 45992.021 | B5: 7.8 | C5: 58.310339
A6: 45992.028 | B6: 7.71 | C6: 53.141845
A7: 45992.035 | B7: 8.7 | C7: 55.605706
A8: 45992.042 | B8: 8.14 | C8: 55.048133
A9: 45992.049 | B9: 7.5 | C9: 58.586593
A10: 45992.056 | B10: 8.36 | C10: 64.32246
A11: 45992.062 | B11: 8.03 | C11: 68.179152
A12: 45992.069 | B12: 7.05 | C12: 57.476961
A13: 45992.076 | B13: 7.02 | C13: 59.716375
A14: 45992.083 | B14: ERR | C14: 45.793084
A15: 45992.09 | B15: 7.89 | C15: 54.296986
A16: 45992.097 | B16: 7.95 | C16: 62.522316
A17: 45992.104 | B17: 7.99 | C17: 61.927749
A18: 45992.111 | B18: 8.11 | C18: 56.692878
A19: 45992.118 | B19: 8.47 | C19: 62.091152 | D19: sensor_check
A20: 45992.125 | B20: 7.44 | C20: 58.926134
A21: 45992.132 | B21: 7.41 | C21: 64.60245
A22: 45992.139 | B22: 7.45 | C22: 57.314873
A23: 45992.146 | B23: 8.14 | C23: 52.154413
A24: 45992.153 | B24: 8.62 | C24: 57.68673
A25: 45992.16 | B25: 7.78 | C25: 31.555245
A26: 45992.167 | B26: 6.75 | C26: 58.063086
A27: 45992.174 | C27: 25.812697
A28: 45992.181 | B28: 7.58 | C28: 41.212293
A29: 45992.188 | B29: 7.72 | C29: 58.614149
A30: 45992.194 | B30: 7.8 | C30: 58.820235
A31: 45992.201 | B31: 8.02 | C31: 45.70057
A32: 45992.208 | B32: 7.84 | C32: 49.303184
A33: 45992.215 | B33: 8.52 | C33: 65.964328
A34: 45992.222 | B34: 7.66 | C34: 51.127759
A35: 45992.229 | B35: 7.57 | C35: 72.943362
A36: 45992.236 | B36: 8.24 | C36: 54.984641 | D36: sensor_check
A37: 45992.243 | B37: 7.23 | C37: 58.264289
A38: 45992.25 | B38: 8.19 | C38: 67.934995
A39: 45992.257 | B39: 8.05 | C39: 56.048217
A40: 45992.264 | B40: 7.93 | C40: 46.981248
A41: 45992.271 | B41: 8.79 | C41: 54.12218
A42: 45992.278 | B42: 7.69 | C42: 54.715114
A43: 45992.285 | B43: 9.03 | C43: 44.082067
A44: 45992.292 | B44: 7.89 | C44: 52.953343
A45: 45992.299 | B45: 7.36 | C45: 49.062463
A46: 45992.306 | B46: 8.03 | C46: 62.394862
A47: 45992.312 | B47: 7.46 | C47: 55.276895
A48: 45992.319 | B48: 7.62 | C48: 52.737634
... A52: 45992.347 | B52: 8.49 | C52: 47.002302
A53: 45992.354 | B53: 8.58 | C53: 46.667299 | D53: sensor_check
A54: 45992.361 | B54: 8.72 | C54: 63.837434
A55: 45992.368 | B55: 8.26 | C55: 51.701305
A56: 45992.375 | B56: 8.68 | C56: 43.665263
A57: 45992.382 | B57: 7.06 | C57: 58.550502
A58: 45992.389 | B58: 7.84 | C58: 58.706958
A59: 45992.396 | B59: 7.57 | C59: 42.754278
A60: 45992.403 | B60: 8.06 | C60: 56.835854
A61: 45992.41 | B61: 7.71 | C61: 60.884665

Sheet No_Temp_Column
A1: Timestamp | B1: Pressure (bar) | C1: Comment
A2: 45992 | B2: 1.0187193 | C2: ok
A3: 45992.021 | B3: 1.0315991 | C3: ok
A4: 45992.042 | B4: 0.92978655 | C4: ok
A5: 45992.062 | B5: 1.016552 | C5: ok
A6: 45992.083 | B6: 0.98486901 | C6: ok
A7: 45992.104 | B7: 0.97586049 | C7: ok
A8: 45992.125 | B8: 1.0435278 | C8: ok
A9: 45992.146 | B9: 1.0739637 | C9: ok
A10: 45992.167 | B10: 1.0897185 | C10: ok
A11: 45992.188 | B11: 1.0657404 | C11: ok
A12: 45992.208 | B12: 0.99451329 | C12: ok
A13: 45992.229 | B13: 1.017636 | C13: ok
... A21: 45992.396 | B21: 1.0316955 | C21: ok

Sheet Empty_Temps
A1: Timestamp | B1: TEMP | C1: Humidity (%) | D1: Note
A2: 45992 | C2: 55.023946 | D2: sensor_check
A3: 45992.007 | C3: 57.72168
A4: 45992.014 | C4: 60.360634
A5: 45992.021 | C5: 52.001268
A6: 45992.028 | C6: 61.049985
A7: 45992.035 | C7: 58.030741
A8: 45992.042 | C8: 45.121495
A9: 45992.049 | C9: 66.538438
A10: 45992.056 | C10: 50.994042
A11: 45992.062 | C11: 41.759237
A12: 45992.069 | C12: 46.63965
A13: 45992.076 | C13: 46.831639
A14: 45992.083 | C14: 55.417387
... A18: 45992.111 | C18: 57.719003
A19: 45992.118 | C19: 57.528383 | D19: sensor_check
A20: 45992.125 | C20: 58.278628
A21: 45992.132 | C21: 59.929077
A22: 45992.139 | C22: 38.136373
A23: 45992.146 | C23: 52.084494
A24: 45992.153 | C24: 37.558319
A25: 45992.16 | C25: 55.288479
A26: 45992.167 | C26: 54.962936
A27: 45992.174 | C27: 63.364258
A28: 45992.181 | C28: 64.501075
A29: 45992.188 | C29: 56.6222
A30: 45992.194 | C30: 50.997111
A31: 45992.201 | C31: 58.881289

Sheet Independent_Check
A1: Independent Excel Verification (Chamber_A)
A3: Instructions | E3: Expected results for dataset (script cleaning rules)
A4: This sheet independently computes MKT using Excel formulas from the copied Chamber_A data. | E4: Sheet | F4: Temperature column | G4: No. of points | H4: MKT (K) | I4: MKT (°C)
A5: Acceptance: Script MKT(°C) matches this sheet's MKT(°C) within ±0.01 °C (rounding). | E5: Chamber_A | F5: Temp_C | G5: 288 | H5: 278.41 | I5: 5.26
E6: Chamber_B_missing | F6: Temperature (°C) | G6: 140 | H6: 298.11 | I6: 24.96
A7: Row-by-row terms | E7: Chamber_C_mixed | F7: temp reading | G7: 58 | H7: 281.08 | I7: 7.93
A8: Temp (°C) | B8: Temp (K) | C8: exp(-Ea/(R*T))
A9: =Chamber_A!B2 | B9: =A9+273.15 | C9: =EXP(-83144/(8.314*B9))
A10: =Chamber_A!B3 | B10: =A10+273.15 | C10: =EXP(-83144/(8.314*B10))
A11: =Chamber_A!B4 | B11: =A11+273.15 | C11: =EXP(-83144/(8.314*B11))
A12: =Chamber_A!B5 | B12: =A12+273.15 | C12: =EXP(-83144/(8.314*B12))
A13: =Chamber_A!B6 | B13: =A13+273.15 | C13: =EXP(-83144/(8.314*B13))
A14: =Chamber_A!B7 | B14: =A14+273.15 | C14: =EXP(-83144/(8.314*B14))
A15: =Chamber_A!B8 | B15: =A15+273.15 | C15: =EXP(-83144/(8.314*B15))
A16: =Chamber_A!B9 | B16: =A16+273.15 | C16: =EXP(-83144/(8.314*B16))
A17: =Chamber_A!B10 | B17: =A17+273.15 | C17: =EXP(-83144/(8.314*B17))
A18: =Chamber_A!B11 | B18: =A18+273.15 | C18: =EXP(-83144/(8.314*B18))
A19: =Chamber_A!B12 | B19: =A19+273.15 | C19: =EXP(-83144/(8.314*B19))
A20: =Chamber_A!B13 | B20: =A20+273.15 | C20: =EXP(-83144/(8.314*B20))
... A296: =Chamber_A!B289 | B296: =A296+273.15 | C296: =EXP(-83144/(8.314*B296))
A298: n (valid points) | B298: =COUNT(A9:A296)
A299: Average exp term | B299: =AVERAGE(C9:C296)
A300: MKT (K) | B300: =-83144/(8.314*LN(B299))
A301: MKT (°C) | B301: =B300-273.15
